_name_key,name_en,source,external_source_id,source_category,category,calories_per_100g,protein_grams_per_100g,carbohydrate_grams_per_100g,fat_grams_per_100g
almond milk unsweetened plain shelf stable,"Almond milk, unsweetened, plain, shelf stable",USDA_FDC_FOUNDATION,1750338,Beverages,BEVERAGES,14.56,0.55,0.34,1.22
almond milk unsweetened plain shelf stable,"Almond milk, unsweetened, plain, shelf stable",USDA_FDC_FOUNDATION,14091,Beverages,BEVERAGES,14.56,0.55,0.34,1.22
apples fuji with skin raw,"Apples, fuji, with skin, raw",USDA_FDC_FOUNDATION,1105897,Fruits and Fruit Juices,FRUIT,58.0,0.15,15.7,0.16
apples fuji with skin raw,"Apples, fuji, with skin, raw",USDA_FDC_FOUNDATION,9504,Fruits and Fruit Juices,FRUIT,58.2,0.15,15.65,0.16
apples gala with skin raw,"Apples, gala, with skin, raw",USDA_FDC_FOUNDATION,1105781,Fruits and Fruit Juices,FRUIT,55.0,0.13,14.8,0.15
apples gala with skin raw,"Apples, gala, with skin, raw",USDA_FDC_FOUNDATION,9503,Fruits and Fruit Juices,FRUIT,54.87,0.13,14.77,0.15
apples granny smith with skin raw,"Apples, granny smith, with skin, raw",USDA_FDC_FOUNDATION,1105664,Fruits and Fruit Juices,FRUIT,53.0,0.27,14.2,0.14
apples granny smith with skin raw,"Apples, granny smith, with skin, raw",USDA_FDC_FOUNDATION,9502,Fruits and Fruit Juices,FRUIT,52.96,0.27,14.14,0.14
apples honeycrisp with skin raw,"Apples, honeycrisp, with skin, raw",USDA_FDC_FOUNDATION,1105547,Fruits and Fruit Juices,FRUIT,54.0,0.1,14.7,0.1
apples honeycrisp with skin raw,"Apples, honeycrisp, with skin, raw",USDA_FDC_FOUNDATION,9501,Fruits and Fruit Juices,FRUIT,54.03,0.1,14.68,0.1
apples red delicious with skin raw,"Apples, red delicious, with skin, raw",USDA_FDC_FOUNDATION,1105430,Fruits and Fruit Juices,FRUIT,56.0,0.19,14.8,0.21
apples red delicious with skin raw,"Apples, red delicious, with skin, raw",USDA_FDC_FOUNDATION,9500,Fruits and Fruit Juices,FRUIT,55.62,0.19,14.78,0.21
applesauce unsweetened with added vitamin c,"Applesauce, unsweetened, with added vitamin C",USDA_FDC_FOUNDATION,2263892,Fruits and Fruit Juices,FRUIT,46.42,0.27,12.26,0.16
applesauce unsweetened with added vitamin c,"Applesauce, unsweetened, with added vitamin C",USDA_FDC_FOUNDATION,9401,Fruits and Fruit Juices,FRUIT,46.42,0.27,12.26,0.16
bananas overripe raw,"Bananas, overripe, raw",USDA_FDC_FOUNDATION,790774,Fruits and Fruit Juices,FRUIT,85.0,0.73,20.1,0.22
bananas overripe raw,"Bananas, overripe, raw",USDA_FDC_FOUNDATION,100254,Fruits and Fruit Juices,FRUIT,77.0,0.73,20.1,0.22
bananas ripe and slightly ripe raw,"Bananas, ripe and slightly ripe, raw",USDA_FDC_FOUNDATION,790991,Fruits and Fruit Juices,FRUIT,97.0,0.74,23.0,0.29
bananas ripe and slightly ripe raw,"Bananas, ripe and slightly ripe, raw",USDA_FDC_FOUNDATION,9040,Fruits and Fruit Juices,FRUIT,88.0,0.74,23.0,0.29
beans snap green canned regular pack drained solids,"Beans, snap, green, canned, regular pack, drained solids",USDA_FDC_FOUNDATION,11056,Vegetables and Vegetable Products,VEGETABLE,20.0,1.04,4.11,0.39
beans snap green canned regular pack drained solids,"Beans, snap, green, canned, regular pack, drained solids",USDA_FDC_SR_LEGACY,11056,Vegetables and Vegetable Products,VEGETABLE,21.0,1.05,4.19,0.41
beans snap green raw,"Beans, snap, green, raw",USDA_FDC_FOUNDATION,11052,Vegetables and Vegetable Products,VEGETABLE,33.57,1.97,7.41,0.28
beans snap green raw,"Beans, snap, green, raw",USDA_FDC_SR_LEGACY,11052,Vegetables and Vegetable Products,VEGETABLE,31.0,1.83,6.97,0.22
beef ground 80 lean meat 20 fat raw,"Beef, ground, 80% lean meat / 20% fat, raw",USDA_FDC_FOUNDATION,23572,Beef Products,MEAT,247.81,17.53,0.0,19.44
beef ground 80 lean meat 20 fat raw,"Beef, ground, 80% lean meat / 20% fat, raw",USDA_FDC_SR_LEGACY,23572,Beef Products,MEAT,254.0,17.17,0.0,20.0
beef ground 90 lean meat 10 fat raw,"Beef, ground, 90% lean meat / 10% fat, raw",USDA_FDC_FOUNDATION,23562,Beef Products,MEAT,190.13,18.16,0.0,12.85
beef ground 90 lean meat 10 fat raw,"Beef, ground, 90% lean meat / 10% fat, raw",USDA_FDC_SR_LEGACY,23562,Beef Products,MEAT,176.0,20.0,0.0,10.0
beef loin tenderloin roast separable lean only boneless trimmed to 0 fat select cooked roasted,"Beef, loin, tenderloin roast, separable lean only, boneless, trimmed to 0"" fat, select, cooked, roasted",USDA_FDC_FOUNDATION,334897,Beef Products,MEAT,176.0,27.7,0.0,6.36
beef loin tenderloin roast separable lean only boneless trimmed to 0 fat select cooked roasted,"Beef, loin, tenderloin roast, separable lean only, boneless, trimmed to 0"" fat, select, cooked, roasted",USDA_FDC_FOUNDATION,23377,Beef Products,MEAT,176.0,27.7,0.0,6.36
beef loin tenderloin roast separable lean only boneless trimmed to 0 fat select cooked roasted,"Beef, loin, tenderloin roast, separable lean only, boneless, trimmed to 0"" fat, select, cooked, roasted",USDA_FDC_SR_LEGACY,23377,Beef Products,MEAT,169.0,27.55,0.0,6.54
beef loin top loin steak boneless lip on separable lean only trimmed to 1 8 fat choice raw,"Beef, loin, top loin steak, boneless, lip-on, separable lean only, trimmed to 1/8"" fat, choice, raw",USDA_FDC_FOUNDATION,334849,Beef Products,MEAT,155.0,22.8,0.0,6.39
beef loin top loin steak boneless lip on separable lean only trimmed to 1 8 fat choice raw,"Beef, loin, top loin steak, boneless, lip-on, separable lean only, trimmed to 1/8"" fat, choice, raw",USDA_FDC_FOUNDATION,23385,Beef Products,MEAT,155.0,22.8,0.0,6.39
beef loin top loin steak boneless lip on separable lean only trimmed to 1 8 fat choice raw,"Beef, loin, top loin steak, boneless, lip-on, separable lean only, trimmed to 1/8"" fat, choice, raw",USDA_FDC_SR_LEGACY,23385,Beef Products,MEAT,149.0,22.93,0.0,6.34
beef round eye of round roast boneless separable lean only trimmed to 0 fat select raw,"Beef, round, eye of round roast, boneless, separable lean only, trimmed to 0"" fat, select, raw",USDA_FDC_FOUNDATION,334898,Beef Products,MEAT,122.0,23.4,0.0,2.48
beef round eye of round roast boneless separable lean only trimmed to 0 fat select raw,"Beef, round, eye of round roast, boneless, separable lean only, trimmed to 0"" fat, select, raw",USDA_FDC_FOUNDATION,23362,Beef Products,MEAT,122.0,23.4,0.0,2.48
beef round eye of round roast boneless separable lean only trimmed to 0 fat select raw,"Beef, round, eye of round roast, boneless, separable lean only, trimmed to 0"" fat, select, raw",USDA_FDC_SR_LEGACY,23362,Beef Products,MEAT,116.0,23.41,0.0,2.52
beef round top round roast boneless separable lean only trimmed to 0 fat select raw,"Beef, round, top round roast, boneless, separable lean only, trimmed to 0"" fat, select, raw",USDA_FDC_FOUNDATION,334963,Beef Products,MEAT,123.0,23.7,0.0,2.41
beef round top round roast boneless separable lean only trimmed to 0 fat select raw,"Beef, round, top round roast, boneless, separable lean only, trimmed to 0"" fat, select, raw",USDA_FDC_FOUNDATION,23359,Beef Products,MEAT,123.0,23.7,0.0,2.41
beef round top round roast boneless separable lean only trimmed to 0 fat select raw,"Beef, round, top round roast, boneless, separable lean only, trimmed to 0"" fat, select, raw",USDA_FDC_SR_LEGACY,23359,Beef Products,MEAT,116.0,23.59,0.0,2.45
beef short loin porterhouse steak separable lean only trimmed to 1 8 fat select raw,"Beef, short loin, porterhouse steak, separable lean only, trimmed to 1/8"" fat, select, raw",USDA_FDC_FOUNDATION,335109,Beef Products,MEAT,145.0,22.7,0.0,5.32
beef short loin porterhouse steak separable lean only trimmed to 1 8 fat select raw,"Beef, short loin, porterhouse steak, separable lean only, trimmed to 1/8"" fat, select, raw",USDA_FDC_FOUNDATION,13468,Beef Products,MEAT,145.0,22.7,0.0,5.32
beef short loin porterhouse steak separable lean only trimmed to 1 8 fat select raw,"Beef, short loin, porterhouse steak, separable lean only, trimmed to 1/8"" fat, select, raw",USDA_FDC_SR_LEGACY,13468,Beef Products,MEAT,145.0,22.61,0.0,5.41
beef short loin t bone steak bone in separable lean only trimmed to 1 8 fat choice cooked grilled,"Beef, short loin, t-bone steak, bone-in, separable lean only, trimmed to 1/8"" fat, choice, cooked, grilled",USDA_FDC_FOUNDATION,335061,Beef Products,MEAT,219.0,27.3,0.0,11.4
beef short loin t bone steak bone in separable lean only trimmed to 1 8 fat choice cooked grilled,"Beef, short loin, t-bone steak, bone-in, separable lean only, trimmed to 1/8"" fat, choice, cooked, grilled",USDA_FDC_FOUNDATION,13236,Beef Products,MEAT,219.0,27.3,0.0,11.4
beef short loin t bone steak bone in separable lean only trimmed to 1 8 fat choice cooked grilled,"Beef, short loin, t-bone steak, bone-in, separable lean only, trimmed to 1/8"" fat, choice, cooked, grilled",USDA_FDC_SR_LEGACY,13236,Beef Products,MEAT,217.0,27.48,0.0,11.05
beet greens raw,"Beet greens, raw",USDA_FDC_FOUNDATION,11086,Vegetables and Vegetable Products,VEGETABLE,26.37,1.61,4.66,0.14
beet greens raw,"Beet greens, raw",USDA_FDC_SR_LEGACY,11086,Vegetables and Vegetable Products,VEGETABLE,22.0,2.2,4.33,0.13
beets raw,"Beets, raw",USDA_FDC_FOUNDATION,11080,Vegetables and Vegetable Products,VEGETABLE,40.97,1.69,8.79,0.3
beets raw,"Beets, raw",USDA_FDC_SR_LEGACY,11080,Vegetables and Vegetable Products,VEGETABLE,43.0,1.61,9.56,0.17
blueberries raw,"Blueberries, raw",USDA_FDC_FOUNDATION,2263889,Fruits and Fruit Juices,FRUIT,57.38,0.7,14.57,0.31
blueberries raw,"Blueberries, raw",USDA_FDC_FOUNDATION,9050,Fruits and Fruit Juices,FRUIT,57.38,0.7,14.57,0.31
blueberries raw,"Blueberries, raw",USDA_FDC_SR_LEGACY,9050,Fruits and Fruit Juices,FRUIT,57.0,0.74,14.49,0.33
bread whole wheat commercially prepared,"Bread, whole-wheat, commercially prepared",USDA_FDC_FOUNDATION,335240,Baked Products,OTHER,254.0,12.3,43.1,3.55
bread whole wheat commercially prepared,"Bread, whole-wheat, commercially prepared",USDA_FDC_SR_LEGACY,18075,Baked Products,OTHER,252.0,12.45,42.71,3.5
broccoli raw,"Broccoli, raw",USDA_FDC_FOUNDATION,321900,Vegetables and Vegetable Products,VEGETABLE,32.0,2.57,6.29,0.34
broccoli raw,"Broccoli, raw",USDA_FDC_FOUNDATION,11090,Vegetables and Vegetable Products,VEGETABLE,32.0,2.57,6.27,0.34
broccoli raw,"Broccoli, raw",USDA_FDC_SR_LEGACY,11090,Vegetables and Vegetable Products,VEGETABLE,34.0,2.82,6.64,0.37
brussels sprouts raw,"Brussels sprouts, raw",USDA_FDC_FOUNDATION,11098,Vegetables and Vegetable Products,VEGETABLE,48.78,3.98,9.62,0.56
brussels sprouts raw,"Brussels sprouts, raw",USDA_FDC_SR_LEGACY,11098,Vegetables and Vegetable Products,VEGETABLE,43.0,3.38,8.95,0.3
cabbage red raw,"Cabbage, red, raw",USDA_FDC_FOUNDATION,11112,Vegetables and Vegetable Products,VEGETABLE,29.94,1.24,6.79,0.21
cabbage red raw,"Cabbage, red, raw",USDA_FDC_SR_LEGACY,11112,Vegetables and Vegetable Products,VEGETABLE,31.0,1.43,7.37,0.16
carrots baby raw,"Carrots, baby, raw",USDA_FDC_FOUNDATION,11960,Vegetables and Vegetable Products,VEGETABLE,38.25,0.8,9.08,0.14
carrots baby raw,"Carrots, baby, raw",USDA_FDC_SR_LEGACY,11960,Vegetables and Vegetable Products,VEGETABLE,35.0,0.64,8.24,0.13
carrots frozen unprepared includes foods for usda s food distribution program,"Carrots, frozen, unprepared (Includes foods for USDA's Food Distribution Program)",USDA_FDC_FOUNDATION,326458,Vegetables and Vegetable Products,VEGETABLE,37.0,0.81,7.92,0.47
carrots frozen unprepared includes foods for usda s food distribution program,"Carrots, frozen, unprepared (Includes foods for USDA's Food Distribution Program)",USDA_FDC_SR_LEGACY,11130,Vegetables and Vegetable Products,VEGETABLE,36.0,0.78,7.9,0.46
cauliflower raw,"Cauliflower, raw",USDA_FDC_FOUNDATION,11135,Vegetables and Vegetable Products,VEGETABLE,22.85,1.64,4.72,0.24
cauliflower raw,"Cauliflower, raw",USDA_FDC_SR_LEGACY,11135,Vegetables and Vegetable Products,VEGETABLE,25.0,1.92,4.97,0.28
celery raw,"Celery, raw",USDA_FDC_FOUNDATION,11143,Vegetables and Vegetable Products,VEGETABLE,14.83,0.49,3.32,0.16
celery raw,"Celery, raw",USDA_FDC_SR_LEGACY,11143,Vegetables and Vegetable Products,VEGETABLE,14.0,0.69,2.97,0.17
cheese cottage lowfat 2 milkfat,"Cheese, cottage, lowfat, 2% milkfat",USDA_FDC_FOUNDATION,1015,Dairy and Egg Products,EGGS,84.0,11.0,4.31,2.3
cheese cottage lowfat 2 milkfat,"Cheese, cottage, lowfat, 2% milkfat",USDA_FDC_SR_LEGACY,1015,Dairy and Egg Products,EGGS,81.0,10.45,4.76,2.27
cheese dry white queso seco,"Cheese, dry white, queso seco",USDA_FDC_FOUNDATION,329830,Dairy and Egg Products,EGGS,326.0,24.5,2.07,24.3
cheese dry white queso seco,"Cheese, dry white, queso seco",USDA_FDC_FOUNDATION,1227,Dairy and Egg Products,EGGS,326.0,24.5,2.07,24.3
cheese dry white queso seco,"Cheese, dry white, queso seco",USDA_FDC_SR_LEGACY,1227,Dairy and Egg Products,EGGS,325.0,24.51,2.04,24.35
cheese mozzarella low moisture part skim,"Cheese, mozzarella, low moisture, part-skim",USDA_FDC_FOUNDATION,1029,Dairy and Egg Products,EGGS,298.0,23.7,4.44,20.4
cheese mozzarella low moisture part skim,"Cheese, mozzarella, low moisture, part-skim",USDA_FDC_SR_LEGACY,1029,Dairy and Egg Products,EGGS,295.0,23.75,5.58,19.78
cheese parmesan grated,"Cheese, parmesan, grated",USDA_FDC_FOUNDATION,1032,Dairy and Egg Products,EGGS,420.0,29.6,12.4,28.0
cheese parmesan grated,"Cheese, parmesan, grated",USDA_FDC_SR_LEGACY,1032,Dairy and Egg Products,EGGS,420.0,28.42,13.91,27.84
cheese ricotta whole milk,"Cheese, ricotta, whole milk",USDA_FDC_FOUNDATION,323444,Dairy and Egg Products,EGGS,157.0,7.81,6.86,11.0
cheese ricotta whole milk,"Cheese, ricotta, whole milk",USDA_FDC_FOUNDATION,1036,Dairy and Egg Products,EGGS,157.0,7.81,6.86,11.0
cheese ricotta whole milk,"Cheese, ricotta, whole milk",USDA_FDC_SR_LEGACY,1036,Dairy and Egg Products,EGGS,150.0,7.54,7.27,10.18
cheese swiss,"Cheese, swiss",USDA_FDC_FOUNDATION,326135,Dairy and Egg Products,EGGS,393.0,27.0,1.44,31.0
cheese swiss,"Cheese, swiss",USDA_FDC_FOUNDATION,1040,Dairy and Egg Products,EGGS,393.0,27.0,1.44,31.0
cheese swiss,"Cheese, swiss",USDA_FDC_SR_LEGACY,1040,Dairy and Egg Products,EGGS,393.0,26.96,1.44,30.99
chicken broiler or fryers breast skinless boneless meat only cooked braised,"Chicken, broiler or fryers, breast, skinless, boneless, meat only, cooked, braised",USDA_FDC_FOUNDATION,5746,Poultry Products,POULTRY,166.0,32.1,0.0,3.24
chicken broiler or fryers breast skinless boneless meat only cooked braised,"Chicken, broiler or fryers, breast, skinless, boneless, meat only, cooked, braised",USDA_FDC_SR_LEGACY,5746,Poultry Products,POULTRY,157.0,32.06,0.0,3.24
collards raw,"Collards, raw",USDA_FDC_FOUNDATION,11161,Vegetables and Vegetable Products,VEGETABLE,38.76,2.97,7.02,0.77
collards raw,"Collards, raw",USDA_FDC_SR_LEGACY,11161,Vegetables and Vegetable Products,VEGETABLE,32.0,3.02,5.42,0.61
cucumber with peel raw,"Cucumber, with peel, raw",USDA_FDC_FOUNDATION,11205,Vegetables and Vegetable Products,VEGETABLE,13.93,0.62,2.95,0.18
cucumber with peel raw,"Cucumber, with peel, raw",USDA_FDC_SR_LEGACY,11205,Vegetables and Vegetable Products,VEGETABLE,15.0,0.65,3.63,0.11
egg white dried,"Egg, white, dried",USDA_FDC_FOUNDATION,1173,Dairy and Egg Products,EGGS,376.0,79.9,6.02,0.65
egg white dried,"Egg, white, dried",USDA_FDC_SR_LEGACY,1173,Dairy and Egg Products,EGGS,382.0,81.1,7.8,0.0
egg white raw frozen pasteurized,"Egg, white, raw, frozen, pasteurized",USDA_FDC_FOUNDATION,1172,Dairy and Egg Products,EGGS,48.0,10.1,0.74,0.16
egg white raw frozen pasteurized,"Egg, white, raw, frozen, pasteurized",USDA_FDC_SR_LEGACY,1172,Dairy and Egg Products,EGGS,48.0,10.2,1.04,0.0
egg whole dried,"Egg, whole, dried",USDA_FDC_FOUNDATION,1133,Dairy and Egg Products,EGGS,576.0,48.1,1.87,39.8
egg whole dried,"Egg, whole, dried",USDA_FDC_SR_LEGACY,1133,Dairy and Egg Products,EGGS,592.0,48.05,1.13,43.9
egg yolk dried,"Egg, yolk, dried",USDA_FDC_FOUNDATION,1137,Dairy and Egg Products,EGGS,654.0,34.2,1.07,55.5
egg yolk dried,"Egg, yolk, dried",USDA_FDC_SR_LEGACY,1137,Dairy and Egg Products,EGGS,669.0,33.63,0.66,59.13
egg yolk raw frozen pasteurized,"Egg, yolk, raw, frozen, pasteurized",USDA_FDC_FOUNDATION,1126,Dairy and Egg Products,EGGS,297.0,15.6,0.59,25.1
egg yolk raw frozen pasteurized,"Egg, yolk, raw, frozen, pasteurized",USDA_FDC_SR_LEGACY,1126,Dairy and Egg Products,EGGS,296.0,15.53,0.81,25.6
eggplant raw,"Eggplant, raw",USDA_FDC_FOUNDATION,11209,Vegetables and Vegetable Products,VEGETABLE,22.36,0.85,5.4,0.12
eggplant raw,"Eggplant, raw",USDA_FDC_SR_LEGACY,11209,Vegetables and Vegetable Products,VEGETABLE,25.0,0.98,5.88,0.18
fennel bulb raw,"Fennel, bulb, raw",USDA_FDC_FOUNDATION,11957,Vegetables and Vegetable Products,VEGETABLE,26.89,0.92,5.49,0.14
fennel bulb raw,"Fennel, bulb, raw",USDA_FDC_SR_LEGACY,11957,Vegetables and Vegetable Products,VEGETABLE,31.0,1.24,7.3,0.2
figs dried uncooked,"Figs, dried, uncooked",USDA_FDC_FOUNDATION,326905,Fruits and Fruit Juices,FRUIT,249.0,3.3,63.9,0.92
figs dried uncooked,"Figs, dried, uncooked",USDA_FDC_FOUNDATION,9094,Fruits and Fruit Juices,FRUIT,249.0,3.3,63.9,0.92
figs dried uncooked,"Figs, dried, uncooked",USDA_FDC_SR_LEGACY,9094,Fruits and Fruit Juices,FRUIT,249.0,3.3,63.87,0.93
fish haddock raw,"Fish, haddock, raw",USDA_FDC_FOUNDATION,15033,Finfish and Shellfish Products,SEAFOOD,74.0,16.3,0.0,0.45
fish haddock raw,"Fish, haddock, raw",USDA_FDC_SR_LEGACY,15033,Finfish and Shellfish Products,SEAFOOD,74.0,16.32,0.0,0.45
frankfurter beef unheated,"Frankfurter, beef, unheated",USDA_FDC_FOUNDATION,7022,Sausages and Luncheon Meats,MEAT,314.0,11.7,2.89,28.0
frankfurter beef unheated,"Frankfurter, beef, unheated",USDA_FDC_SR_LEGACY,7022,Sausages and Luncheon Meats,MEAT,315.0,11.69,2.97,28.1
garlic raw,"Garlic, raw",USDA_FDC_FOUNDATION,11215,Vegetables and Vegetable Products,VEGETABLE,130.0,6.62,28.2,0.38
garlic raw,"Garlic, raw",USDA_FDC_SR_LEGACY,11215,Vegetables and Vegetable Products,VEGETABLE,149.0,6.36,33.06,0.5
grapefruit juice white canned or bottled unsweetened,"Grapefruit juice, white, canned or bottled, unsweetened",USDA_FDC_FOUNDATION,9123,Fruits and Fruit Juices,FRUIT,37.0,0.55,7.59,0.7
grapefruit juice white canned or bottled unsweetened,"Grapefruit juice, white, canned or bottled, unsweetened",USDA_FDC_SR_LEGACY,9123,Fruits and Fruit Juices,FRUIT,37.0,0.55,7.54,0.66
grapes green seedless raw,"Grapes, green, seedless, raw",USDA_FDC_FOUNDATION,2263891,Fruits and Fruit Juices,FRUIT,71.94,0.9,18.6,0.23
grapes green seedless raw,"Grapes, green, seedless, raw",USDA_FDC_FOUNDATION,100280,Fruits and Fruit Juices,FRUIT,71.94,0.9,18.6,0.23
grapes red seedless raw,"Grapes, red, seedless, raw",USDA_FDC_FOUNDATION,2263890,Fruits and Fruit Juices,FRUIT,77.15,0.91,20.2,0.16
grapes red seedless raw,"Grapes, red, seedless, raw",USDA_FDC_FOUNDATION,100279,Fruits and Fruit Juices,FRUIT,77.15,0.91,20.2,0.16
ham sliced pre packaged deli meat 96 fat free water added,"Ham, sliced, pre-packaged, deli meat (96%fat free, water added)",USDA_FDC_FOUNDATION,7028,Sausages and Luncheon Meats,MEAT,106.0,16.7,0.27,3.73
ham sliced pre packaged deli meat 96 fat free water added,"Ham, sliced, pre-packaged, deli meat (96%fat free, water added)",USDA_FDC_SR_LEGACY,7028,Sausages and Luncheon Meats,MEAT,107.0,16.85,0.7,4.04
hummus commercial,"Hummus, commercial",USDA_FDC_FOUNDATION,16158,Legumes and Legume Products,LEGUMES,229.0,7.35,14.9,17.1
hummus commercial,"Hummus, commercial",USDA_FDC_SR_LEGACY,16158,Legumes and Legume Products,LEGUMES,237.0,7.78,15.0,17.82
kale frozen cooked boiled drained without salt,"Kale, frozen, cooked, boiled, drained, without salt",USDA_FDC_FOUNDATION,11236,Vegetables and Vegetable Products,VEGETABLE,36.0,2.94,5.3,1.21
kale frozen cooked boiled drained without salt,"Kale, frozen, cooked, boiled, drained, without salt",USDA_FDC_SR_LEGACY,11236,Vegetables and Vegetable Products,VEGETABLE,36.0,2.94,5.3,1.21
kale raw,"Kale, raw",USDA_FDC_FOUNDATION,11233,Vegetables and Vegetable Products,VEGETABLE,35.0,2.92,4.42,1.49
kale raw,"Kale, raw",USDA_FDC_SR_LEGACY,11233,Vegetables and Vegetable Products,VEGETABLE,35.0,2.92,4.42,1.49
kiwifruit green raw,"Kiwifruit, green, raw",USDA_FDC_FOUNDATION,9148,Fruits and Fruit Juices,FRUIT,58.0,1.06,14.0,0.44
kiwifruit green raw,"Kiwifruit, green, raw",USDA_FDC_SR_LEGACY,9148,Fruits and Fruit Juices,FRUIT,61.0,1.14,14.66,0.52
lettuce cos or romaine raw,"Lettuce, cos or romaine, raw",USDA_FDC_FOUNDATION,327923,Vegetables and Vegetable Products,VEGETABLE,17.0,1.24,3.24,0.26
lettuce cos or romaine raw,"Lettuce, cos or romaine, raw",USDA_FDC_FOUNDATION,11251,Vegetables and Vegetable Products,VEGETABLE,17.0,1.24,3.24,0.26
lettuce cos or romaine raw,"Lettuce, cos or romaine, raw",USDA_FDC_SR_LEGACY,11251,Vegetables and Vegetable Products,VEGETABLE,17.0,1.23,3.29,0.3
melons cantaloupe raw,"Melons, cantaloupe, raw",USDA_FDC_FOUNDATION,327198,Fruits and Fruit Juices,FRUIT,34.0,0.82,8.16,0.18
melons cantaloupe raw,"Melons, cantaloupe, raw",USDA_FDC_FOUNDATION,9181,Fruits and Fruit Juices,FRUIT,34.0,0.82,8.16,0.18
melons cantaloupe raw,"Melons, cantaloupe, raw",USDA_FDC_SR_LEGACY,9181,Fruits and Fruit Juices,FRUIT,34.0,0.84,8.16,0.19
melons honeydew raw,"Melons, honeydew, raw",USDA_FDC_FOUNDATION,9184,Fruits and Fruit Juices,FRUIT,32.94,0.53,8.15,0.22
melons honeydew raw,"Melons, honeydew, raw",USDA_FDC_SR_LEGACY,9184,Fruits and Fruit Juices,FRUIT,36.0,0.54,9.09,0.14
milk lowfat fluid 1 milkfat with added vitamin a and vitamin d,"Milk, lowfat, fluid, 1% milkfat, with added vitamin A and vitamin D",USDA_FDC_FOUNDATION,322228,Dairy and Egg Products,EGGS,43.0,3.38,5.19,0.95
milk lowfat fluid 1 milkfat with added vitamin a and vitamin d,"Milk, lowfat, fluid, 1% milkfat, with added vitamin A and vitamin D",USDA_FDC_FOUNDATION,1082,Dairy and Egg Products,EGGS,43.0,3.38,5.18,0.95
milk lowfat fluid 1 milkfat with added vitamin a and vitamin d,"Milk, lowfat, fluid, 1% milkfat, with added vitamin A and vitamin D",USDA_FDC_SR_LEGACY,1082,Dairy and Egg Products,EGGS,42.0,3.37,4.99,0.97
milk nonfat fluid with added vitamin a and vitamin d fat free or skim,"Milk, nonfat, fluid, with added vitamin A and vitamin D (fat free or skim)",USDA_FDC_FOUNDATION,322559,Dairy and Egg Products,EGGS,34.0,3.43,4.89,0.08
milk nonfat fluid with added vitamin a and vitamin d fat free or skim,"Milk, nonfat, fluid, with added vitamin A and vitamin D (fat free or skim)",USDA_FDC_FOUNDATION,1085,Dairy and Egg Products,EGGS,34.0,3.43,4.92,0.08
milk nonfat fluid with added vitamin a and vitamin d fat free or skim,"Milk, nonfat, fluid, with added vitamin A and vitamin D (fat free or skim)",USDA_FDC_SR_LEGACY,1085,Dairy and Egg Products,EGGS,34.0,3.37,4.96,0.08
milk reduced fat fluid 2 milkfat with added vitamin a and vitamin d,"Milk, reduced fat, fluid, 2% milkfat, with added vitamin A and vitamin D",USDA_FDC_FOUNDATION,321359,Dairy and Egg Products,EGGS,50.0,3.35,4.91,1.9
milk reduced fat fluid 2 milkfat with added vitamin a and vitamin d,"Milk, reduced fat, fluid, 2% milkfat, with added vitamin A and vitamin D",USDA_FDC_FOUNDATION,1079,Dairy and Egg Products,EGGS,50.0,3.36,4.9,1.9
milk reduced fat fluid 2 milkfat with added vitamin a and vitamin d,"Milk, reduced fat, fluid, 2% milkfat, with added vitamin A and vitamin D",USDA_FDC_SR_LEGACY,1079,Dairy and Egg Products,EGGS,50.0,3.3,4.8,1.98
milk whole 3 25 milkfat with added vitamin d,"Milk, whole, 3.25% milkfat, with added vitamin D",USDA_FDC_FOUNDATION,322892,Dairy and Egg Products,EGGS,60.0,3.28,4.67,3.2
milk whole 3 25 milkfat with added vitamin d,"Milk, whole, 3.25% milkfat, with added vitamin D",USDA_FDC_FOUNDATION,1077,Dairy and Egg Products,EGGS,60.0,3.27,4.63,3.2
milk whole 3 25 milkfat with added vitamin d,"Milk, whole, 3.25% milkfat, with added vitamin D",USDA_FDC_SR_LEGACY,1077,Dairy and Egg Products,EGGS,61.0,3.15,4.8,3.25
mushroom lion s mane,"Mushroom, lion's mane",USDA_FDC_FOUNDATION,1750344,Vegetables and Vegetable Products,VEGETABLE,35.11,2.5,7.59,0.26
mushroom lion s mane,"Mushroom, lion's mane",USDA_FDC_FOUNDATION,100259,Vegetables and Vegetable Products,VEGETABLE,35.11,2.5,7.59,0.26
mushroom oyster,"Mushroom, oyster",USDA_FDC_FOUNDATION,1750345,Vegetables and Vegetable Products,VEGETABLE,33.32,2.9,6.94,0.19
mushroom oyster,"Mushroom, oyster",USDA_FDC_FOUNDATION,11987,Vegetables and Vegetable Products,VEGETABLE,33.32,2.9,6.94,0.19
mushrooms shiitake,"Mushrooms, shiitake",USDA_FDC_FOUNDATION,1750346,Vegetables and Vegetable Products,VEGETABLE,36.39,2.41,8.17,0.2
mushrooms shiitake,"Mushrooms, shiitake",USDA_FDC_FOUNDATION,11238,Vegetables and Vegetable Products,VEGETABLE,36.39,2.41,8.17,0.2
mushrooms white button,"Mushrooms, white button",USDA_FDC_FOUNDATION,1750347,Vegetables and Vegetable Products,VEGETABLE,24.87,2.89,4.08,0.37
mushrooms white button,"Mushrooms, white button",USDA_FDC_FOUNDATION,11260,Vegetables and Vegetable Products,VEGETABLE,24.87,2.89,4.08,0.37
mustard prepared yellow,"Mustard, prepared, yellow",USDA_FDC_FOUNDATION,2046,Spices and Herbs,CONDIMENTS,61.0,4.25,5.3,3.38
mustard prepared yellow,"Mustard, prepared, yellow",USDA_FDC_SR_LEGACY,2046,Spices and Herbs,CONDIMENTS,60.0,3.74,5.83,3.34
nectarines raw,"Nectarines, raw",USDA_FDC_FOUNDATION,9191,Fruits and Fruit Juices,FRUIT,39.0,1.06,9.18,0.28
nectarines raw,"Nectarines, raw",USDA_FDC_SR_LEGACY,9191,Fruits and Fruit Juices,FRUIT,44.0,1.06,10.55,0.32
nuts almonds dry roasted with salt added,"Nuts, almonds, dry roasted, with salt added",USDA_FDC_FOUNDATION,12563,Nut and Seed Products,NUTS_SEEDS,621.0,20.4,16.2,57.8
nuts almonds dry roasted with salt added,"Nuts, almonds, dry roasted, with salt added",USDA_FDC_SR_LEGACY,12563,Nut and Seed Products,NUTS_SEEDS,598.0,20.96,21.01,52.54
nuts cashew nuts raw,"Nuts, cashew nuts, raw",USDA_FDC_FOUNDATION,12087,Nut and Seed Products,NUTS_SEEDS,533.48,17.44,36.29,38.86
nuts cashew nuts raw,"Nuts, cashew nuts, raw",USDA_FDC_SR_LEGACY,12087,Nut and Seed Products,NUTS_SEEDS,553.0,18.22,30.19,43.85
nuts macadamia nuts raw,"Nuts, macadamia nuts, raw",USDA_FDC_FOUNDATION,12131,Nut and Seed Products,NUTS_SEEDS,668.54,7.79,24.09,64.93
nuts macadamia nuts raw,"Nuts, macadamia nuts, raw",USDA_FDC_SR_LEGACY,12131,Nut and Seed Products,NUTS_SEEDS,718.0,7.91,13.82,75.77
nuts pistachio nuts raw,"Nuts, pistachio nuts, raw",USDA_FDC_FOUNDATION,12151,Nut and Seed Products,NUTS_SEEDS,560.69,20.51,27.69,45.02
nuts pistachio nuts raw,"Nuts, pistachio nuts, raw",USDA_FDC_SR_LEGACY,12151,Nut and Seed Products,NUTS_SEEDS,560.0,20.16,27.17,45.32
oil coconut,"Oil, coconut",USDA_FDC_FOUNDATION,4047,Fats and Oils,FATS_OILS,833.0,0.0,0.84,99.1
oil coconut,"Oil, coconut",USDA_FDC_SR_LEGACY,4047,Fats and Oils,FATS_OILS,892.0,0.0,0.0,99.06
onion rings breaded par fried frozen prepared heated in oven,"Onion rings, breaded, par fried, frozen, prepared, heated in oven",USDA_FDC_FOUNDATION,11296,Vegetables and Vegetable Products,VEGETABLE,289.0,4.52,36.3,14.4
onion rings breaded par fried frozen prepared heated in oven,"Onion rings, breaded, par fried, frozen, prepared, heated in oven",USDA_FDC_SR_LEGACY,11296,Vegetables and Vegetable Products,VEGETABLE,276.0,4.14,33.79,14.3
oranges raw navels includes foods for usda s food distribution program,"Oranges, raw, navels (Includes foods for USDA's Food Distribution Program)",USDA_FDC_FOUNDATION,327501,Fruits and Fruit Juices,FRUIT,47.0,0.91,11.8,0.15
oranges raw navels includes foods for usda s food distribution program,"Oranges, raw, navels (Includes foods for USDA's Food Distribution Program)",USDA_FDC_SR_LEGACY,9202,Fruits and Fruit Juices,FRUIT,49.0,0.91,12.54,0.15
pancakes whole wheat dry mix incomplete,"Pancakes, whole wheat, dry mix, incomplete",USDA_FDC_SR_LEGACY,28324,Baked Products,OTHER,350.0,10.53,74.11,1.32
pancakes whole wheat dry mix incomplete,"Pancakes, whole-wheat, dry mix, incomplete",USDA_FDC_SR_LEGACY,18299,Baked Products,OTHER,344.0,12.8,71.0,1.5
parsnips raw,"Parsnips, raw",USDA_FDC_FOUNDATION,11298,Vegetables and Vegetable Products,VEGETABLE,87.07,1.27,19.29,0.54
parsnips raw,"Parsnips, raw",USDA_FDC_SR_LEGACY,11298,Vegetables and Vegetable Products,VEGETABLE,75.0,1.2,17.99,0.3
peaches yellow raw,"Peaches, yellow, raw",USDA_FDC_FOUNDATION,9236,Fruits and Fruit Juices,FRUIT,42.0,0.91,10.1,0.27
peaches yellow raw,"Peaches, yellow, raw",USDA_FDC_SR_LEGACY,9236,Fruits and Fruit Juices,FRUIT,39.0,0.91,9.54,0.25
pears raw bartlett includes foods for usda s food distribution program,"Pears, raw, bartlett (Includes foods for USDA's Food Distribution Program)",USDA_FDC_FOUNDATION,332597,Fruits and Fruit Juices,FRUIT,57.0,0.38,15.1,0.16
pears raw bartlett includes foods for usda s food distribution program,"Pears, raw, bartlett (Includes foods for USDA's Food Distribution Program)",USDA_FDC_SR_LEGACY,9412,Fruits and Fruit Juices,FRUIT,63.0,0.39,15.01,0.16
pickles cucumber dill or kosher dill,"Pickles, cucumber, dill or kosher dill",USDA_FDC_FOUNDATION,11937,Vegetables and Vegetable Products,VEGETABLE,12.0,0.48,1.99,0.43
pickles cucumber dill or kosher dill,"Pickles, cucumber, dill or kosher dill",USDA_FDC_SR_LEGACY,11937,Vegetables and Vegetable Products,VEGETABLE,12.0,0.5,2.41,0.3
radicchio raw,"Radicchio, raw",USDA_FDC_FOUNDATION,11952,Vegetables and Vegetable Products,VEGETABLE,26.37,1.31,4.96,0.14
radicchio raw,"Radicchio, raw",USDA_FDC_SR_LEGACY,11952,Vegetables and Vegetable Products,VEGETABLE,23.0,1.43,4.48,0.25
raspberries raw,"Raspberries, raw",USDA_FDC_FOUNDATION,2263888,Fruits and Fruit Juices,FRUIT,51.41,1.01,12.9,0.19
raspberries raw,"Raspberries, raw",USDA_FDC_FOUNDATION,9302,Fruits and Fruit Juices,FRUIT,51.41,1.01,12.9,0.19
raspberries raw,"Raspberries, raw",USDA_FDC_SR_LEGACY,9302,Fruits and Fruit Juices,FRUIT,52.0,1.2,11.94,0.65
restaurant chinese fried rice without meat,"Restaurant, Chinese, fried rice, without meat",USDA_FDC_FOUNDATION,36602,Restaurant Foods,OTHER,174.0,3.84,32.5,3.19
restaurant chinese fried rice without meat,"Restaurant, Chinese, fried rice, without meat",USDA_FDC_SR_LEGACY,36602,Restaurant Foods,OTHER,174.0,4.05,32.79,2.96
restaurant chinese sweet and sour pork,"Restaurant, Chinese, sweet and sour pork",USDA_FDC_FOUNDATION,334462,Restaurant Foods,OTHER,260.0,8.88,25.5,13.6
restaurant chinese sweet and sour pork,"Restaurant, Chinese, sweet and sour pork",USDA_FDC_FOUNDATION,36622,Restaurant Foods,OTHER,260.0,8.88,25.5,13.6
restaurant chinese sweet and sour pork,"Restaurant, Chinese, sweet and sour pork",USDA_FDC_SR_LEGACY,36622,Restaurant Foods,OTHER,270.0,8.91,23.34,15.66
restaurant latino pupusas con frijoles pupusas bean,"Restaurant, Latino, pupusas con frijoles (pupusas, bean)",USDA_FDC_FOUNDATION,36408,Restaurant Foods,OTHER,229.0,5.59,31.5,9.01
restaurant latino pupusas con frijoles pupusas bean,"Restaurant, Latino, pupusas con frijoles (pupusas, bean)",USDA_FDC_SR_LEGACY,36408,Restaurant Foods,OTHER,229.0,5.59,31.49,9.01
restaurant latino tamale pork,"Restaurant, Latino, tamale, pork",USDA_FDC_FOUNDATION,36412,Restaurant Foods,OTHER,174.0,7.38,15.8,9.04
restaurant latino tamale pork,"Restaurant, Latino, tamale, pork",USDA_FDC_SR_LEGACY,36412,Restaurant Foods,OTHER,174.0,7.35,15.75,9.04
sauce pasta spaghetti marinara ready to serve,"Sauce, pasta, spaghetti/marinara, ready-to-serve",USDA_FDC_FOUNDATION,6931,"Soups, Sauces, and Gravies",MIXED_DISHES,45.0,1.41,8.05,1.48
sauce pasta spaghetti marinara ready to serve,"Sauce, pasta, spaghetti/marinara, ready-to-serve",USDA_FDC_SR_LEGACY,6931,"Soups, Sauces, and Gravies",MIXED_DISHES,50.0,1.39,7.43,1.61
sauce salsa ready to serve,"Sauce, salsa, ready-to-serve",USDA_FDC_FOUNDATION,324038,"Soups, Sauces, and Gravies",MIXED_DISHES,29.0,1.44,6.74,0.19
sauce salsa ready to serve,"Sauce, salsa, ready-to-serve",USDA_FDC_FOUNDATION,6164,"Soups, Sauces, and Gravies",MIXED_DISHES,29.0,1.44,6.74,0.19
sauce salsa ready to serve,"Sauce, salsa, ready-to-serve",USDA_FDC_SR_LEGACY,6164,"Soups, Sauces, and Gravies",MIXED_DISHES,29.0,1.52,6.64,0.17
sausage breakfast sausage beef pre cooked unprepared,"Sausage, breakfast sausage, beef, pre-cooked, unprepared",USDA_FDC_FOUNDATION,324157,Sausages and Luncheon Meats,MEAT,329.0,13.3,3.37,28.7
sausage breakfast sausage beef pre cooked unprepared,"Sausage, breakfast sausage, beef, pre-cooked, unprepared",USDA_FDC_FOUNDATION,7954,Sausages and Luncheon Meats,MEAT,346.0,13.3,3.37,28.7
sausage breakfast sausage beef pre cooked unprepared,"Sausage, breakfast sausage, beef, pre-cooked, unprepared",USDA_FDC_SR_LEGACY,7954,Sausages and Luncheon Meats,MEAT,327.0,12.9,4.61,28.22
sausage italian pork mild cooked pan fried,"Sausage, Italian, pork, mild, cooked, pan-fried",USDA_FDC_FOUNDATION,325658,Sausages and Luncheon Meats,MEAT,322.0,18.2,2.15,26.2
sausage italian pork mild cooked pan fried,"Sausage, Italian, pork, mild, cooked, pan-fried",USDA_FDC_FOUNDATION,7089,Sausages and Luncheon Meats,MEAT,322.0,18.2,2.15,26.2
sausage italian pork mild cooked pan fried,"Sausage, Italian, pork, mild, cooked, pan-fried",USDA_FDC_SR_LEGACY,7089,Sausages and Luncheon Meats,MEAT,324.0,18.4,1.86,26.4
sausage pork chorizo link or ground cooked pan fried,"Sausage, pork, chorizo, link or ground, cooked, pan-fried",USDA_FDC_FOUNDATION,332864,Sausages and Luncheon Meats,MEAT,346.0,19.3,2.63,28.1
sausage pork chorizo link or ground cooked pan fried,"Sausage, pork, chorizo, link or ground, cooked, pan-fried",USDA_FDC_FOUNDATION,100173,Sausages and Luncheon Meats,MEAT,346.0,19.3,2.63,28.1
sausage turkey breakfast links mild raw,"Sausage, turkey, breakfast links, mild, raw",USDA_FDC_FOUNDATION,325992,Sausages and Luncheon Meats,MEAT,169.0,16.7,0.93,10.4
sausage turkey breakfast links mild raw,"Sausage, turkey, breakfast links, mild, raw",USDA_FDC_FOUNDATION,7919,Sausages and Luncheon Meats,MEAT,169.0,16.7,0.93,10.4
sausage turkey breakfast links mild raw,"Sausage, turkey, breakfast links, mild, raw",USDA_FDC_SR_LEGACY,7919,Sausages and Luncheon Meats,MEAT,174.0,15.91,3.18,10.39
seeds sunflower seed kernels dry roasted with salt added,"Seeds, sunflower seed kernels, dry roasted, with salt added",USDA_FDC_FOUNDATION,12537,Nut and Seed Products,NUTS_SEEDS,612.0,21.0,17.1,56.1
seeds sunflower seed kernels dry roasted with salt added,"Seeds, sunflower seed kernels, dry roasted, with salt added",USDA_FDC_SR_LEGACY,12537,Nut and Seed Products,NUTS_SEEDS,582.0,19.33,24.07,49.8
soy milk unsweetened plain shelf stable,"Soy milk, unsweetened, plain, shelf stable",USDA_FDC_FOUNDATION,1750337,Legumes and Legume Products,LEGUMES,38.48,3.55,1.29,2.12
soy milk unsweetened plain shelf stable,"Soy milk, unsweetened, plain, shelf stable",USDA_FDC_FOUNDATION,16222,Legumes and Legume Products,LEGUMES,38.48,3.55,1.29,2.12
spinach baby,"Spinach, baby",USDA_FDC_FOUNDATION,1750352,Vegetables and Vegetable Products,VEGETABLE,20.73,2.85,2.41,0.62
spinach baby,"Spinach, baby",USDA_FDC_FOUNDATION,100260,Vegetables and Vegetable Products,VEGETABLE,20.73,2.85,2.41,0.62
spinach mature,"Spinach, mature",USDA_FDC_FOUNDATION,1750353,Vegetables and Vegetable Products,VEGETABLE,21.58,2.91,2.64,0.6
spinach mature,"Spinach, mature",USDA_FDC_FOUNDATION,11457,Vegetables and Vegetable Products,VEGETABLE,21.58,2.91,2.64,0.6
squash winter acorn raw,"Squash, winter, acorn, raw",USDA_FDC_FOUNDATION,11482,Vegetables and Vegetable Products,VEGETABLE,41.99,1.25,10.48,0.18
squash winter acorn raw,"Squash, winter, acorn, raw",USDA_FDC_SR_LEGACY,11482,Vegetables and Vegetable Products,VEGETABLE,40.0,0.8,10.42,0.1
squash winter butternut raw,"Squash, winter, butternut, raw",USDA_FDC_FOUNDATION,11485,Vegetables and Vegetable Products,VEGETABLE,41.72,1.15,10.51,0.17
squash winter butternut raw,"Squash, winter, butternut, raw",USDA_FDC_SR_LEGACY,11485,Vegetables and Vegetable Products,VEGETABLE,45.0,1.0,11.69,0.1
strawberries raw,"Strawberries, raw",USDA_FDC_FOUNDATION,327699,Fruits and Fruit Juices,FRUIT,31.0,0.64,7.63,0.22
strawberries raw,"Strawberries, raw",USDA_FDC_FOUNDATION,747448,Fruits and Fruit Juices,FRUIT,31.0,0.64,7.63,0.22
strawberries raw,"Strawberries, raw",USDA_FDC_FOUNDATION,2263887,Fruits and Fruit Juices,FRUIT,32.67,0.64,7.96,0.22
strawberries raw,"Strawberries, raw",USDA_FDC_FOUNDATION,9316,Fruits and Fruit Juices,FRUIT,32.67,0.64,7.96,0.22
strawberries raw,"Strawberries, raw",USDA_FDC_SR_LEGACY,9316,Fruits and Fruit Juices,FRUIT,32.0,0.67,7.68,0.3
sugars granulated,"Sugars, granulated",USDA_FDC_FOUNDATION,334247,Sweets,SWEETS_SNACKS,385.0,0.0,99.6,0.32
sugars granulated,"Sugars, granulated",USDA_FDC_FOUNDATION,19335,Sweets,SWEETS_SNACKS,385.0,0.0,99.6,0.32
sugars granulated,"Sugars, granulated",USDA_FDC_SR_LEGACY,19335,Sweets,SWEETS_SNACKS,387.0,0.0,99.98,0.0
tomato roma,"Tomato, roma",USDA_FDC_FOUNDATION,1750354,Vegetables and Vegetable Products,VEGETABLE,18.95,0.7,3.84,0.42
tomato roma,"Tomato, roma",USDA_FDC_FOUNDATION,100261,Vegetables and Vegetable Products,VEGETABLE,18.95,0.7,3.84,0.42
tomatoes crushed canned,"Tomatoes, crushed, canned",USDA_FDC_FOUNDATION,11693,Vegetables and Vegetable Products,VEGETABLE,32.31,1.44,7.14,0.4
tomatoes crushed canned,"Tomatoes, crushed, canned",USDA_FDC_SR_LEGACY,11693,Vegetables and Vegetable Products,VEGETABLE,32.0,1.64,7.29,0.28
turkey ground 93 lean 7 fat pan broiled crumbles,"Turkey, ground, 93% lean, 7% fat, pan-broiled crumbles",USDA_FDC_FOUNDATION,330869,Poultry Products,POULTRY,220.0,27.1,0.0,11.6
turkey ground 93 lean 7 fat pan broiled crumbles,"Turkey, ground, 93% lean, 7% fat, pan-broiled crumbles",USDA_FDC_FOUNDATION,5666,Poultry Products,POULTRY,220.0,27.1,0.0,11.6
turkey ground 93 lean 7 fat pan broiled crumbles,"Turkey, ground, 93% lean, 7% fat, pan-broiled crumbles",USDA_FDC_SR_LEGACY,5666,Poultry Products,POULTRY,213.0,27.1,0.0,11.6
turkey ground 93 lean 7 fat raw,"Turkey, ground, 93% lean/ 7% fat, raw",USDA_FDC_FOUNDATION,5665,Poultry Products,POULTRY,157.59,17.34,0.0,9.59
turkey ground 93 lean 7 fat raw,"Turkey, ground, 93% lean, 7% fat, raw",USDA_FDC_SR_LEGACY,5665,Poultry Products,POULTRY,150.0,18.73,0.0,8.34
turnips raw,"Turnips, raw",USDA_FDC_FOUNDATION,11564,Vegetables and Vegetable Products,VEGETABLE,33.98,0.95,7.27,0.12
turnips raw,"Turnips, raw",USDA_FDC_SR_LEGACY,11564,Vegetables and Vegetable Products,VEGETABLE,28.0,0.9,6.43,0.1
yogurt greek plain whole milk,"Yogurt, Greek, plain, whole milk",USDA_FDC_FOUNDATION,1293,Dairy and Egg Products,EGGS,94.51,8.78,4.75,4.39
yogurt greek plain whole milk,"Yogurt, Greek, plain, whole milk",USDA_FDC_SR_LEGACY,1293,Dairy and Egg Products,EGGS,97.0,9.0,3.98,5.0
yogurt greek strawberry nonfat,"Yogurt, Greek, strawberry, nonfat",USDA_FDC_FOUNDATION,1285,Dairy and Egg Products,EGGS,83.0,8.06,12.2,0.15
yogurt greek strawberry nonfat,"Yogurt, Greek, strawberry, nonfat",USDA_FDC_SR_LEGACY,1285,Dairy and Egg Products,EGGS,82.0,8.05,12.07,0.15
yogurt plain whole milk,"Yogurt, plain, whole milk",USDA_FDC_FOUNDATION,1116,Dairy and Egg Products,EGGS,77.32,3.82,5.57,4.48
yogurt plain whole milk,"Yogurt, plain, whole milk",USDA_FDC_SR_LEGACY,1116,Dairy and Egg Products,EGGS,61.0,3.47,4.66,3.25
