name_en,name_ar,aliases,category,calories_per_100g,protein_grams_per_100g,carbohydrate_grams_per_100g,fat_grams_per_100g,created_by_user_id,source,external_source_id,source_version,is_active,archived_at,_name_key,_source_priority,_invalid_reason,_kept_source,_kept_external_source_id,_kept_name_en
"Sausage, pork, chorizo, link or ground, cooked, pan-fried",,,MEAT,346.0,19.3,2.63,28.1,,USDA_FDC_FOUNDATION,332864,2026-04-30,True,,sausage pork chorizo link or ground cooked pan fried,1,,USDA_FDC_FOUNDATION,100173,"Sausage, pork, chorizo, link or ground, cooked, pan-fried"
"Bananas, overripe, raw",,,FRUIT,85.0,0.73,20.1,0.22,,USDA_FDC_FOUNDATION,790774,2026-04-30,True,,bananas overripe raw,1,,USDA_FDC_FOUNDATION,100254,"Bananas, overripe, raw"
"Mushroom, lion's mane",,,VEGETABLE,35.11,2.5,7.59,0.26,,USDA_FDC_FOUNDATION,1750344,2026-04-30,True,,mushroom lion s mane,1,,USDA_FDC_FOUNDATION,100259,"Mushroom, lion's mane"
"Spinach, baby",,,VEGETABLE,20.73,2.85,2.41,0.62,,USDA_FDC_FOUNDATION,1750352,2026-04-30,True,,spinach baby,1,,USDA_FDC_FOUNDATION,100260,"Spinach, baby"
"Tomato, roma",,,VEGETABLE,18.95,0.7,3.84,0.42,,USDA_FDC_FOUNDATION,1750354,2026-04-30,True,,tomato roma,1,,USDA_FDC_FOUNDATION,100261,"Tomato, roma"
"Grapes, red, seedless, raw",,,FRUIT,77.15,0.91,20.2,0.16,,USDA_FDC_FOUNDATION,2263890,2026-04-30,True,,grapes red seedless raw,1,,USDA_FDC_FOUNDATION,100279,"Grapes, red, seedless, raw"
"Grapes, green, seedless, raw",,,FRUIT,71.94,0.9,18.6,0.23,,USDA_FDC_FOUNDATION,2263891,2026-04-30,True,,grapes green seedless raw,1,,USDA_FDC_FOUNDATION,100280,"Grapes, green, seedless, raw"
"Cheese, cottage, lowfat, 2% milkfat",,,EGGS,81.0,10.45,4.76,2.27,,USDA_FDC_SR_LEGACY,1015,2018-04,True,,cheese cottage lowfat 2 milkfat,3,,USDA_FDC_FOUNDATION,1015,"Cheese, cottage, lowfat, 2% milkfat"
"Cheese, mozzarella, low moisture, part-skim",,,EGGS,295.0,23.75,5.58,19.78,,USDA_FDC_SR_LEGACY,1029,2018-04,True,,cheese mozzarella low moisture part skim,3,,USDA_FDC_FOUNDATION,1029,"Cheese, mozzarella, low moisture, part-skim"
"Cheese, parmesan, grated",,,EGGS,420.0,28.42,13.91,27.84,,USDA_FDC_SR_LEGACY,1032,2018-04,True,,cheese parmesan grated,3,,USDA_FDC_FOUNDATION,1032,"Cheese, parmesan, grated"
"Cheese, ricotta, whole milk",,,EGGS,157.0,7.81,6.86,11.0,,USDA_FDC_FOUNDATION,323444,2026-04-30,True,,cheese ricotta whole milk,1,,USDA_FDC_FOUNDATION,1036,"Cheese, ricotta, whole milk"
"Cheese, ricotta, whole milk",,,EGGS,150.0,7.54,7.27,10.18,,USDA_FDC_SR_LEGACY,1036,2018-04,True,,cheese ricotta whole milk,3,,USDA_FDC_FOUNDATION,1036,"Cheese, ricotta, whole milk"
"Cheese, swiss",,,EGGS,393.0,27.0,1.44,31.0,,USDA_FDC_FOUNDATION,326135,2026-04-30,True,,cheese swiss,1,,USDA_FDC_FOUNDATION,1040,"Cheese, swiss"
"Cheese, swiss",,,EGGS,393.0,26.96,1.44,30.99,,USDA_FDC_SR_LEGACY,1040,2018-04,True,,cheese swiss,3,,USDA_FDC_FOUNDATION,1040,"Cheese, swiss"
"Milk, whole, 3.25% milkfat, with added vitamin D",,,EGGS,60.0,3.28,4.67,3.2,,USDA_FDC_FOUNDATION,322892,2026-04-30,True,,milk whole 3 25 milkfat with added vitamin d,1,,USDA_FDC_FOUNDATION,1077,"Milk, whole, 3.25% milkfat, with added vitamin D"
"Milk, whole, 3.25% milkfat, with added vitamin D",,,EGGS,61.0,3.15,4.8,3.25,,USDA_FDC_SR_LEGACY,1077,2018-04,True,,milk whole 3 25 milkfat with added vitamin d,3,,USDA_FDC_FOUNDATION,1077,"Milk, whole, 3.25% milkfat, with added vitamin D"
"Milk, reduced fat, fluid, 2% milkfat, with added vitamin A and vitamin D",,,EGGS,50.0,3.35,4.91,1.9,,USDA_FDC_FOUNDATION,321359,2026-04-30,True,,milk reduced fat fluid 2 milkfat with added vitamin a and vitamin d,1,,USDA_FDC_FOUNDATION,1079,"Milk, reduced fat, fluid, 2% milkfat, with added vitamin A and vitamin D"
"Milk, reduced fat, fluid, 2% milkfat, with added vitamin A and vitamin D",,,EGGS,50.0,3.3,4.8,1.98,,USDA_FDC_SR_LEGACY,1079,2018-04,True,,milk reduced fat fluid 2 milkfat with added vitamin a and vitamin d,3,,USDA_FDC_FOUNDATION,1079,"Milk, reduced fat, fluid, 2% milkfat, with added vitamin A and vitamin D"
"Milk, lowfat, fluid, 1% milkfat, with added vitamin A and vitamin D",,,EGGS,43.0,3.38,5.19,0.95,,USDA_FDC_FOUNDATION,322228,2026-04-30,True,,milk lowfat fluid 1 milkfat with added vitamin a and vitamin d,1,,USDA_FDC_FOUNDATION,1082,"Milk, lowfat, fluid, 1% milkfat, with added vitamin A and vitamin D"
"Milk, lowfat, fluid, 1% milkfat, with added vitamin A and vitamin D",,,EGGS,42.0,3.37,4.99,0.97,,USDA_FDC_SR_LEGACY,1082,2018-04,True,,milk lowfat fluid 1 milkfat with added vitamin a and vitamin d,3,,USDA_FDC_FOUNDATION,1082,"Milk, lowfat, fluid, 1% milkfat, with added vitamin A and vitamin D"
"Milk, nonfat, fluid, with added vitamin A and vitamin D (fat free or skim)",,,EGGS,34.0,3.43,4.89,0.08,,USDA_FDC_FOUNDATION,322559,2026-04-30,True,,milk nonfat fluid with added vitamin a and vitamin d fat free or skim,1,,USDA_FDC_FOUNDATION,1085,"Milk, nonfat, fluid, with added vitamin A and vitamin D (fat free or skim)"
"Milk, nonfat, fluid, with added vitamin A and vitamin D (fat free or skim)",,,EGGS,34.0,3.37,4.96,0.08,,USDA_FDC_SR_LEGACY,1085,2018-04,True,,milk nonfat fluid with added vitamin a and vitamin d fat free or skim,3,,USDA_FDC_FOUNDATION,1085,"Milk, nonfat, fluid, with added vitamin A and vitamin D (fat free or skim)"
"Beans, snap, green, raw",,,VEGETABLE,31.0,1.83,6.97,0.22,,USDA_FDC_SR_LEGACY,11052,2018-04,True,,beans snap green raw,3,,USDA_FDC_FOUNDATION,11052,"Beans, snap, green, raw"
"Apples, red delicious, with skin, raw",,,FRUIT,55.62,0.19,14.78,0.21,,USDA_FDC_FOUNDATION,9500,2026-04-30,True,,apples red delicious with skin raw,1,,USDA_FDC_FOUNDATION,1105430,"Apples, red delicious, with skin, raw"
"Apples, honeycrisp, with skin, raw",,,FRUIT,54.03,0.1,14.68,0.1,,USDA_FDC_FOUNDATION,9501,2026-04-30,True,,apples honeycrisp with skin raw,1,,USDA_FDC_FOUNDATION,1105547,"Apples, honeycrisp, with skin, raw"
"Beans, snap, green, canned, regular pack, drained solids",,,VEGETABLE,21.0,1.05,4.19,0.41,,USDA_FDC_SR_LEGACY,11056,2018-04,True,,beans snap green canned regular pack drained solids,3,,USDA_FDC_FOUNDATION,11056,"Beans, snap, green, canned, regular pack, drained solids"
"Apples, granny smith, with skin, raw",,,FRUIT,52.96,0.27,14.14,0.14,,USDA_FDC_FOUNDATION,9502,2026-04-30,True,,apples granny smith with skin raw,1,,USDA_FDC_FOUNDATION,1105664,"Apples, granny smith, with skin, raw"
"Apples, gala, with skin, raw",,,FRUIT,54.87,0.13,14.77,0.15,,USDA_FDC_FOUNDATION,9503,2026-04-30,True,,apples gala with skin raw,1,,USDA_FDC_FOUNDATION,1105781,"Apples, gala, with skin, raw"
"Apples, fuji, with skin, raw",,,FRUIT,58.2,0.15,15.65,0.16,,USDA_FDC_FOUNDATION,9504,2026-04-30,True,,apples fuji with skin raw,1,,USDA_FDC_FOUNDATION,1105897,"Apples, fuji, with skin, raw"
"Beets, raw",,,VEGETABLE,43.0,1.61,9.56,0.17,,USDA_FDC_SR_LEGACY,11080,2018-04,True,,beets raw,3,,USDA_FDC_FOUNDATION,11080,"Beets, raw"
"Beet greens, raw",,,VEGETABLE,22.0,2.2,4.33,0.13,,USDA_FDC_SR_LEGACY,11086,2018-04,True,,beet greens raw,3,,USDA_FDC_FOUNDATION,11086,"Beet greens, raw"
"Broccoli, raw",,,VEGETABLE,32.0,2.57,6.29,0.34,,USDA_FDC_FOUNDATION,321900,2026-04-30,True,,broccoli raw,1,,USDA_FDC_FOUNDATION,11090,"Broccoli, raw"
"Broccoli, raw",,,VEGETABLE,34.0,2.82,6.64,0.37,,USDA_FDC_SR_LEGACY,11090,2018-04,True,,broccoli raw,3,,USDA_FDC_FOUNDATION,11090,"Broccoli, raw"
"Brussels sprouts, raw",,,VEGETABLE,43.0,3.38,8.95,0.3,,USDA_FDC_SR_LEGACY,11098,2018-04,True,,brussels sprouts raw,3,,USDA_FDC_FOUNDATION,11098,"Brussels sprouts, raw"
"Cabbage, red, raw",,,VEGETABLE,31.0,1.43,7.37,0.16,,USDA_FDC_SR_LEGACY,11112,2018-04,True,,cabbage red raw,3,,USDA_FDC_FOUNDATION,11112,"Cabbage, red, raw"
"Cauliflower, raw",,,VEGETABLE,25.0,1.92,4.97,0.28,,USDA_FDC_SR_LEGACY,11135,2018-04,True,,cauliflower raw,3,,USDA_FDC_FOUNDATION,11135,"Cauliflower, raw"
"Celery, raw",,,VEGETABLE,14.0,0.69,2.97,0.17,,USDA_FDC_SR_LEGACY,11143,2018-04,True,,celery raw,3,,USDA_FDC_FOUNDATION,11143,"Celery, raw"
"Yogurt, plain, whole milk",,,EGGS,61.0,3.47,4.66,3.25,,USDA_FDC_SR_LEGACY,1116,2018-04,True,,yogurt plain whole milk,3,,USDA_FDC_FOUNDATION,1116,"Yogurt, plain, whole milk"
"Collards, raw",,,VEGETABLE,32.0,3.02,5.42,0.61,,USDA_FDC_SR_LEGACY,11161,2018-04,True,,collards raw,3,,USDA_FDC_FOUNDATION,11161,"Collards, raw"
"Cucumber, with peel, raw",,,VEGETABLE,15.0,0.65,3.63,0.11,,USDA_FDC_SR_LEGACY,11205,2018-04,True,,cucumber with peel raw,3,,USDA_FDC_FOUNDATION,11205,"Cucumber, with peel, raw"
"Eggplant, raw",,,VEGETABLE,25.0,0.98,5.88,0.18,,USDA_FDC_SR_LEGACY,11209,2018-04,True,,eggplant raw,3,,USDA_FDC_FOUNDATION,11209,"Eggplant, raw"
"Garlic, raw",,,VEGETABLE,149.0,6.36,33.06,0.5,,USDA_FDC_SR_LEGACY,11215,2018-04,True,,garlic raw,3,,USDA_FDC_FOUNDATION,11215,"Garlic, raw"
"Kale, raw",,,VEGETABLE,35.0,2.92,4.42,1.49,,USDA_FDC_SR_LEGACY,11233,2018-04,True,,kale raw,3,,USDA_FDC_FOUNDATION,11233,"Kale, raw"
"Kale, frozen, cooked, boiled, drained, without salt",,,VEGETABLE,36.0,2.94,5.3,1.21,,USDA_FDC_SR_LEGACY,11236,2018-04,True,,kale frozen cooked boiled drained without salt,3,,USDA_FDC_FOUNDATION,11236,"Kale, frozen, cooked, boiled, drained, without salt"
"Mushrooms, shiitake",,,VEGETABLE,36.39,2.41,8.17,0.2,,USDA_FDC_FOUNDATION,1750346,2026-04-30,True,,mushrooms shiitake,1,,USDA_FDC_FOUNDATION,11238,"Mushrooms, shiitake"
"Lettuce, cos or romaine, raw",,,VEGETABLE,17.0,1.24,3.24,0.26,,USDA_FDC_FOUNDATION,327923,2026-04-30,True,,lettuce cos or romaine raw,1,,USDA_FDC_FOUNDATION,11251,"Lettuce, cos or romaine, raw"
"Lettuce, cos or romaine, raw",,,VEGETABLE,17.0,1.23,3.29,0.3,,USDA_FDC_SR_LEGACY,11251,2018-04,True,,lettuce cos or romaine raw,3,,USDA_FDC_FOUNDATION,11251,"Lettuce, cos or romaine, raw"
"Egg, yolk, raw, frozen, pasteurized",,,EGGS,296.0,15.53,0.81,25.6,,USDA_FDC_SR_LEGACY,1126,2018-04,True,,egg yolk raw frozen pasteurized,3,,USDA_FDC_FOUNDATION,1126,"Egg, yolk, raw, frozen, pasteurized"
"Mushrooms, white button",,,VEGETABLE,24.87,2.89,4.08,0.37,,USDA_FDC_FOUNDATION,1750347,2026-04-30,True,,mushrooms white button,1,,USDA_FDC_FOUNDATION,11260,"Mushrooms, white button"
"Onion rings, breaded, par fried, frozen, prepared, heated in oven",,,VEGETABLE,276.0,4.14,33.79,14.3,,USDA_FDC_SR_LEGACY,11296,2018-04,True,,onion rings breaded par fried frozen prepared heated in oven,3,,USDA_FDC_FOUNDATION,11296,"Onion rings, breaded, par fried, frozen, prepared, heated in oven"
"Parsnips, raw",,,VEGETABLE,75.0,1.2,17.99,0.3,,USDA_FDC_SR_LEGACY,11298,2018-04,True,,parsnips raw,3,,USDA_FDC_FOUNDATION,11298,"Parsnips, raw"
"Egg, whole, dried",,,EGGS,592.0,48.05,1.13,43.9,,USDA_FDC_SR_LEGACY,1133,2018-04,True,,egg whole dried,3,,USDA_FDC_FOUNDATION,1133,"Egg, whole, dried"
"Egg, yolk, dried",,,EGGS,669.0,33.63,0.66,59.13,,USDA_FDC_SR_LEGACY,1137,2018-04,True,,egg yolk dried,3,,USDA_FDC_FOUNDATION,1137,"Egg, yolk, dried"
"Spinach, mature",,,VEGETABLE,21.58,2.91,2.64,0.6,,USDA_FDC_FOUNDATION,1750353,2026-04-30,True,,spinach mature,1,,USDA_FDC_FOUNDATION,11457,"Spinach, mature"
"Squash, winter, acorn, raw",,,VEGETABLE,40.0,0.8,10.42,0.1,,USDA_FDC_SR_LEGACY,11482,2018-04,True,,squash winter acorn raw,3,,USDA_FDC_FOUNDATION,11482,"Squash, winter, acorn, raw"
"Squash, winter, butternut, raw",,,VEGETABLE,45.0,1.0,11.69,0.1,,USDA_FDC_SR_LEGACY,11485,2018-04,True,,squash winter butternut raw,3,,USDA_FDC_FOUNDATION,11485,"Squash, winter, butternut, raw"
"Turnips, raw",,,VEGETABLE,28.0,0.9,6.43,0.1,,USDA_FDC_SR_LEGACY,11564,2018-04,True,,turnips raw,3,,USDA_FDC_FOUNDATION,11564,"Turnips, raw"
"Tomatoes, crushed, canned",,,VEGETABLE,32.0,1.64,7.29,0.28,,USDA_FDC_SR_LEGACY,11693,2018-04,True,,tomatoes crushed canned,3,,USDA_FDC_FOUNDATION,11693,"Tomatoes, crushed, canned"
"Egg, white, raw, frozen, pasteurized",,,EGGS,48.0,10.2,1.04,0.0,,USDA_FDC_SR_LEGACY,1172,2018-04,True,,egg white raw frozen pasteurized,3,,USDA_FDC_FOUNDATION,1172,"Egg, white, raw, frozen, pasteurized"
"Egg, white, dried",,,EGGS,382.0,81.1,7.8,0.0,,USDA_FDC_SR_LEGACY,1173,2018-04,True,,egg white dried,3,,USDA_FDC_FOUNDATION,1173,"Egg, white, dried"
"Pickles, cucumber, dill or kosher dill",,,VEGETABLE,12.0,0.5,2.41,0.3,,USDA_FDC_SR_LEGACY,11937,2018-04,True,,pickles cucumber dill or kosher dill,3,,USDA_FDC_FOUNDATION,11937,"Pickles, cucumber, dill or kosher dill"
"Radicchio, raw",,,VEGETABLE,23.0,1.43,4.48,0.25,,USDA_FDC_SR_LEGACY,11952,2018-04,True,,radicchio raw,3,,USDA_FDC_FOUNDATION,11952,"Radicchio, raw"
"Fennel, bulb, raw",,,VEGETABLE,31.0,1.24,7.3,0.2,,USDA_FDC_SR_LEGACY,11957,2018-04,True,,fennel bulb raw,3,,USDA_FDC_FOUNDATION,11957,"Fennel, bulb, raw"
"Carrots, baby, raw",,,VEGETABLE,35.0,0.64,8.24,0.13,,USDA_FDC_SR_LEGACY,11960,2018-04,True,,carrots baby raw,3,,USDA_FDC_FOUNDATION,11960,"Carrots, baby, raw"
"Mushroom, oyster",,,VEGETABLE,33.32,2.9,6.94,0.19,,USDA_FDC_FOUNDATION,1750345,2026-04-30,True,,mushroom oyster,1,,USDA_FDC_FOUNDATION,11987,"Mushroom, oyster"
"Nuts, cashew nuts, raw",,,NUTS_SEEDS,553.0,18.22,30.19,43.85,,USDA_FDC_SR_LEGACY,12087,2018-04,True,,nuts cashew nuts raw,3,,USDA_FDC_FOUNDATION,12087,"Nuts, cashew nuts, raw"
"Nuts, macadamia nuts, raw",,,NUTS_SEEDS,718.0,7.91,13.82,75.77,,USDA_FDC_SR_LEGACY,12131,2018-04,True,,nuts macadamia nuts raw,3,,USDA_FDC_FOUNDATION,12131,"Nuts, macadamia nuts, raw"
"Nuts, pistachio nuts, raw",,,NUTS_SEEDS,560.0,20.16,27.17,45.32,,USDA_FDC_SR_LEGACY,12151,2018-04,True,,nuts pistachio nuts raw,3,,USDA_FDC_FOUNDATION,12151,"Nuts, pistachio nuts, raw"
"Cheese, dry white, queso seco",,,EGGS,326.0,24.5,2.07,24.3,,USDA_FDC_FOUNDATION,329830,2026-04-30,True,,cheese dry white queso seco,1,,USDA_FDC_FOUNDATION,1227,"Cheese, dry white, queso seco"
"Cheese, dry white, queso seco",,,EGGS,325.0,24.51,2.04,24.35,,USDA_FDC_SR_LEGACY,1227,2018-04,True,,cheese dry white queso seco,3,,USDA_FDC_FOUNDATION,1227,"Cheese, dry white, queso seco"
"Seeds, sunflower seed kernels, dry roasted, with salt added",,,NUTS_SEEDS,582.0,19.33,24.07,49.8,,USDA_FDC_SR_LEGACY,12537,2018-04,True,,seeds sunflower seed kernels dry roasted with salt added,3,,USDA_FDC_FOUNDATION,12537,"Seeds, sunflower seed kernels, dry roasted, with salt added"
"Nuts, almonds, dry roasted, with salt added",,,NUTS_SEEDS,598.0,20.96,21.01,52.54,,USDA_FDC_SR_LEGACY,12563,2018-04,True,,nuts almonds dry roasted with salt added,3,,USDA_FDC_FOUNDATION,12563,"Nuts, almonds, dry roasted, with salt added"
"Yogurt, Greek, strawberry, nonfat",,,EGGS,82.0,8.05,12.07,0.15,,USDA_FDC_SR_LEGACY,1285,2018-04,True,,yogurt greek strawberry nonfat,3,,USDA_FDC_FOUNDATION,1285,"Yogurt, Greek, strawberry, nonfat"
"Yogurt, Greek, plain, whole milk",,,EGGS,97.0,9.0,3.98,5.0,,USDA_FDC_SR_LEGACY,1293,2018-04,True,,yogurt greek plain whole milk,3,,USDA_FDC_FOUNDATION,1293,"Yogurt, Greek, plain, whole milk"
"Beef, short loin, t-bone steak, bone-in, separable lean only, trimmed to 1/8"" fat, choice, cooked, grilled",,,MEAT,219.0,27.3,0.0,11.4,,USDA_FDC_FOUNDATION,335061,2026-04-30,True,,beef short loin t bone steak bone in separable lean only trimmed to 1 8 fat choice cooked grilled,1,,USDA_FDC_FOUNDATION,13236,"Beef, short loin, t-bone steak, bone-in, separable lean only, trimmed to 1/8"" fat, choice, cooked, grilled"
"Beef, short loin, t-bone steak, bone-in, separable lean only, trimmed to 1/8"" fat, choice, cooked, grilled",,,MEAT,217.0,27.48,0.0,11.05,,USDA_FDC_SR_LEGACY,13236,2018-04,True,,beef short loin t bone steak bone in separable lean only trimmed to 1 8 fat choice cooked grilled,3,,USDA_FDC_FOUNDATION,13236,"Beef, short loin, t-bone steak, bone-in, separable lean only, trimmed to 1/8"" fat, choice, cooked, grilled"
"Beef, short loin, porterhouse steak, separable lean only, trimmed to 1/8"" fat, select, raw",,,MEAT,145.0,22.7,0.0,5.32,,USDA_FDC_FOUNDATION,335109,2026-04-30,True,,beef short loin porterhouse steak separable lean only trimmed to 1 8 fat select raw,1,,USDA_FDC_FOUNDATION,13468,"Beef, short loin, porterhouse steak, separable lean only, trimmed to 1/8"" fat, select, raw"
"Beef, short loin, porterhouse steak, separable lean only, trimmed to 1/8"" fat, select, raw",,,MEAT,145.0,22.61,0.0,5.41,,USDA_FDC_SR_LEGACY,13468,2018-04,True,,beef short loin porterhouse steak separable lean only trimmed to 1 8 fat select raw,3,,USDA_FDC_FOUNDATION,13468,"Beef, short loin, porterhouse steak, separable lean only, trimmed to 1/8"" fat, select, raw"
"Almond milk, unsweetened, plain, shelf stable",,,BEVERAGES,14.56,0.55,0.34,1.22,,USDA_FDC_FOUNDATION,1750338,2026-04-30,True,,almond milk unsweetened plain shelf stable,1,,USDA_FDC_FOUNDATION,14091,"Almond milk, unsweetened, plain, shelf stable"
"Fish, haddock, raw",,,SEAFOOD,74.0,16.32,0.0,0.45,,USDA_FDC_SR_LEGACY,15033,2018-04,True,,fish haddock raw,3,,USDA_FDC_FOUNDATION,15033,"Fish, haddock, raw"
"Hummus, commercial",,,LEGUMES,237.0,7.78,15.0,17.82,,USDA_FDC_SR_LEGACY,16158,2018-04,True,,hummus commercial,3,,USDA_FDC_FOUNDATION,16158,"Hummus, commercial"
"Soy milk, unsweetened, plain, shelf stable",,,LEGUMES,38.48,3.55,1.29,2.12,,USDA_FDC_FOUNDATION,1750337,2026-04-30,True,,soy milk unsweetened plain shelf stable,1,,USDA_FDC_FOUNDATION,16222,"Soy milk, unsweetened, plain, shelf stable"
"Sugars, granulated",,,SWEETS_SNACKS,385.0,0.0,99.6,0.32,,USDA_FDC_FOUNDATION,334247,2026-04-30,True,,sugars granulated,1,,USDA_FDC_FOUNDATION,19335,"Sugars, granulated"
"Sugars, granulated",,,SWEETS_SNACKS,387.0,0.0,99.98,0.0,,USDA_FDC_SR_LEGACY,19335,2018-04,True,,sugars granulated,3,,USDA_FDC_FOUNDATION,19335,"Sugars, granulated"
"Mustard, prepared, yellow",,,CONDIMENTS,60.0,3.74,5.83,3.34,,USDA_FDC_SR_LEGACY,2046,2018-04,True,,mustard prepared yellow,3,,USDA_FDC_FOUNDATION,2046,"Mustard, prepared, yellow"
"Strawberries, raw",,,FRUIT,31.0,0.64,7.63,0.22,,USDA_FDC_FOUNDATION,327699,2026-04-30,True,,strawberries raw,1,,USDA_FDC_FOUNDATION,2263887,"Strawberries, raw"
"Strawberries, raw",,,FRUIT,31.0,0.64,7.63,0.22,,USDA_FDC_FOUNDATION,747448,2026-04-30,True,,strawberries raw,1,,USDA_FDC_FOUNDATION,2263887,"Strawberries, raw"
"Strawberries, raw",,,FRUIT,32.67,0.64,7.96,0.22,,USDA_FDC_FOUNDATION,9316,2026-04-30,True,,strawberries raw,1,,USDA_FDC_FOUNDATION,2263887,"Strawberries, raw"
"Strawberries, raw",,,FRUIT,32.0,0.67,7.68,0.3,,USDA_FDC_SR_LEGACY,9316,2018-04,True,,strawberries raw,3,,USDA_FDC_FOUNDATION,2263887,"Strawberries, raw"
"Raspberries, raw",,,FRUIT,51.41,1.01,12.9,0.19,,USDA_FDC_FOUNDATION,9302,2026-04-30,True,,raspberries raw,1,,USDA_FDC_FOUNDATION,2263888,"Raspberries, raw"
"Raspberries, raw",,,FRUIT,52.0,1.2,11.94,0.65,,USDA_FDC_SR_LEGACY,9302,2018-04,True,,raspberries raw,3,,USDA_FDC_FOUNDATION,2263888,"Raspberries, raw"
"Blueberries, raw",,,FRUIT,57.38,0.7,14.57,0.31,,USDA_FDC_FOUNDATION,9050,2026-04-30,True,,blueberries raw,1,,USDA_FDC_FOUNDATION,2263889,"Blueberries, raw"
"Blueberries, raw",,,FRUIT,57.0,0.74,14.49,0.33,,USDA_FDC_SR_LEGACY,9050,2018-04,True,,blueberries raw,3,,USDA_FDC_FOUNDATION,2263889,"Blueberries, raw"
"Applesauce, unsweetened, with added vitamin C",,,FRUIT,46.42,0.27,12.26,0.16,,USDA_FDC_FOUNDATION,9401,2026-04-30,True,,applesauce unsweetened with added vitamin c,1,,USDA_FDC_FOUNDATION,2263892,"Applesauce, unsweetened, with added vitamin C"
"Beef, round, top round roast, boneless, separable lean only, trimmed to 0"" fat, select, raw",,,MEAT,123.0,23.7,0.0,2.41,,USDA_FDC_FOUNDATION,334963,2026-04-30,True,,beef round top round roast boneless separable lean only trimmed to 0 fat select raw,1,,USDA_FDC_FOUNDATION,23359,"Beef, round, top round roast, boneless, separable lean only, trimmed to 0"" fat, select, raw"
"Beef, round, top round roast, boneless, separable lean only, trimmed to 0"" fat, select, raw",,,MEAT,116.0,23.59,0.0,2.45,,USDA_FDC_SR_LEGACY,23359,2018-04,True,,beef round top round roast boneless separable lean only trimmed to 0 fat select raw,3,,USDA_FDC_FOUNDATION,23359,"Beef, round, top round roast, boneless, separable lean only, trimmed to 0"" fat, select, raw"
"Beef, round, eye of round roast, boneless, separable lean only, trimmed to 0"" fat, select, raw",,,MEAT,122.0,23.4,0.0,2.48,,USDA_FDC_FOUNDATION,334898,2026-04-30,True,,beef round eye of round roast boneless separable lean only trimmed to 0 fat select raw,1,,USDA_FDC_FOUNDATION,23362,"Beef, round, eye of round roast, boneless, separable lean only, trimmed to 0"" fat, select, raw"
"Beef, round, eye of round roast, boneless, separable lean only, trimmed to 0"" fat, select, raw",,,MEAT,116.0,23.41,0.0,2.52,,USDA_FDC_SR_LEGACY,23362,2018-04,True,,beef round eye of round roast boneless separable lean only trimmed to 0 fat select raw,3,,USDA_FDC_FOUNDATION,23362,"Beef, round, eye of round roast, boneless, separable lean only, trimmed to 0"" fat, select, raw"
"Beef, loin, tenderloin roast, separable lean only, boneless, trimmed to 0"" fat, select, cooked, roasted",,,MEAT,176.0,27.7,0.0,6.36,,USDA_FDC_FOUNDATION,334897,2026-04-30,True,,beef loin tenderloin roast separable lean only boneless trimmed to 0 fat select cooked roasted,1,,USDA_FDC_FOUNDATION,23377,"Beef, loin, tenderloin roast, separable lean only, boneless, trimmed to 0"" fat, select, cooked, roasted"
"Beef, loin, tenderloin roast, separable lean only, boneless, trimmed to 0"" fat, select, cooked, roasted",,,MEAT,169.0,27.55,0.0,6.54,,USDA_FDC_SR_LEGACY,23377,2018-04,True,,beef loin tenderloin roast separable lean only boneless trimmed to 0 fat select cooked roasted,3,,USDA_FDC_FOUNDATION,23377,"Beef, loin, tenderloin roast, separable lean only, boneless, trimmed to 0"" fat, select, cooked, roasted"
"Beef, loin, top loin steak, boneless, lip-on, separable lean only, trimmed to 1/8"" fat, choice, raw",,,MEAT,155.0,22.8,0.0,6.39,,USDA_FDC_FOUNDATION,334849,2026-04-30,True,,beef loin top loin steak boneless lip on separable lean only trimmed to 1 8 fat choice raw,1,,USDA_FDC_FOUNDATION,23385,"Beef, loin, top loin steak, boneless, lip-on, separable lean only, trimmed to 1/8"" fat, choice, raw"
"Beef, loin, top loin steak, boneless, lip-on, separable lean only, trimmed to 1/8"" fat, choice, raw",,,MEAT,149.0,22.93,0.0,6.34,,USDA_FDC_SR_LEGACY,23385,2018-04,True,,beef loin top loin steak boneless lip on separable lean only trimmed to 1 8 fat choice raw,3,,USDA_FDC_FOUNDATION,23385,"Beef, loin, top loin steak, boneless, lip-on, separable lean only, trimmed to 1/8"" fat, choice, raw"
"Beef, ground, 90% lean meat / 10% fat, raw",,,MEAT,176.0,20.0,0.0,10.0,,USDA_FDC_SR_LEGACY,23562,2018-04,True,,beef ground 90 lean meat 10 fat raw,3,,USDA_FDC_FOUNDATION,23562,"Beef, ground, 90% lean meat / 10% fat, raw"
"Beef, ground, 80% lean meat / 20% fat, raw",,,MEAT,254.0,17.17,0.0,20.0,,USDA_FDC_SR_LEGACY,23572,2018-04,True,,beef ground 80 lean meat 20 fat raw,3,,USDA_FDC_FOUNDATION,23572,"Beef, ground, 80% lean meat / 20% fat, raw"
"Sausage, breakfast sausage, beef, pre-cooked, unprepared",,,MEAT,346.0,13.3,3.37,28.7,,USDA_FDC_FOUNDATION,7954,2026-04-30,True,,sausage breakfast sausage beef pre cooked unprepared,1,,USDA_FDC_FOUNDATION,324157,"Sausage, breakfast sausage, beef, pre-cooked, unprepared"
"Sausage, breakfast sausage, beef, pre-cooked, unprepared",,,MEAT,327.0,12.9,4.61,28.22,,USDA_FDC_SR_LEGACY,7954,2018-04,True,,sausage breakfast sausage beef pre cooked unprepared,3,,USDA_FDC_FOUNDATION,324157,"Sausage, breakfast sausage, beef, pre-cooked, unprepared"
"Sausage, Italian, pork, mild, cooked, pan-fried",,,MEAT,322.0,18.2,2.15,26.2,,USDA_FDC_FOUNDATION,7089,2026-04-30,True,,sausage italian pork mild cooked pan fried,1,,USDA_FDC_FOUNDATION,325658,"Sausage, Italian, pork, mild, cooked, pan-fried"
"Sausage, Italian, pork, mild, cooked, pan-fried",,,MEAT,324.0,18.4,1.86,26.4,,USDA_FDC_SR_LEGACY,7089,2018-04,True,,sausage italian pork mild cooked pan fried,3,,USDA_FDC_FOUNDATION,325658,"Sausage, Italian, pork, mild, cooked, pan-fried"
"Sausage, turkey, breakfast links, mild, raw",,,MEAT,169.0,16.7,0.93,10.4,,USDA_FDC_FOUNDATION,7919,2026-04-30,True,,sausage turkey breakfast links mild raw,1,,USDA_FDC_FOUNDATION,325992,"Sausage, turkey, breakfast links, mild, raw"
"Sausage, turkey, breakfast links, mild, raw",,,MEAT,174.0,15.91,3.18,10.39,,USDA_FDC_SR_LEGACY,7919,2018-04,True,,sausage turkey breakfast links mild raw,3,,USDA_FDC_FOUNDATION,325992,"Sausage, turkey, breakfast links, mild, raw"
"Carrots, frozen, unprepared (Includes foods for USDA's Food Distribution Program)",,,VEGETABLE,36.0,0.78,7.9,0.46,,USDA_FDC_SR_LEGACY,11130,2018-04,True,,carrots frozen unprepared includes foods for usda s food distribution program,3,,USDA_FDC_FOUNDATION,326458,"Carrots, frozen, unprepared (Includes foods for USDA's Food Distribution Program)"
"Figs, dried, uncooked",,,FRUIT,249.0,3.3,63.9,0.92,,USDA_FDC_FOUNDATION,9094,2026-04-30,True,,figs dried uncooked,1,,USDA_FDC_FOUNDATION,326905,"Figs, dried, uncooked"
"Figs, dried, uncooked",,,FRUIT,249.0,3.3,63.87,0.93,,USDA_FDC_SR_LEGACY,9094,2018-04,True,,figs dried uncooked,3,,USDA_FDC_FOUNDATION,326905,"Figs, dried, uncooked"
"Melons, cantaloupe, raw",,,FRUIT,34.0,0.82,8.16,0.18,,USDA_FDC_FOUNDATION,9181,2026-04-30,True,,melons cantaloupe raw,1,,USDA_FDC_FOUNDATION,327198,"Melons, cantaloupe, raw"
"Melons, cantaloupe, raw",,,FRUIT,34.0,0.84,8.16,0.19,,USDA_FDC_SR_LEGACY,9181,2018-04,True,,melons cantaloupe raw,3,,USDA_FDC_FOUNDATION,327198,"Melons, cantaloupe, raw"
"Oranges, raw, navels (Includes foods for USDA's Food Distribution Program)",,,FRUIT,49.0,0.91,12.54,0.15,,USDA_FDC_SR_LEGACY,9202,2018-04,True,,oranges raw navels includes foods for usda s food distribution program,3,,USDA_FDC_FOUNDATION,327501,"Oranges, raw, navels (Includes foods for USDA's Food Distribution Program)"
"Turkey, ground, 93% lean, 7% fat, pan-broiled crumbles",,,POULTRY,220.0,27.1,0.0,11.6,,USDA_FDC_FOUNDATION,5666,2026-04-30,True,,turkey ground 93 lean 7 fat pan broiled crumbles,1,,USDA_FDC_FOUNDATION,330869,"Turkey, ground, 93% lean, 7% fat, pan-broiled crumbles"
"Turkey, ground, 93% lean, 7% fat, pan-broiled crumbles",,,POULTRY,213.0,27.1,0.0,11.6,,USDA_FDC_SR_LEGACY,5666,2018-04,True,,turkey ground 93 lean 7 fat pan broiled crumbles,3,,USDA_FDC_FOUNDATION,330869,"Turkey, ground, 93% lean, 7% fat, pan-broiled crumbles"
"Pears, raw, bartlett (Includes foods for USDA's Food Distribution Program)",,,FRUIT,63.0,0.39,15.01,0.16,,USDA_FDC_SR_LEGACY,9412,2018-04,True,,pears raw bartlett includes foods for usda s food distribution program,3,,USDA_FDC_FOUNDATION,332597,"Pears, raw, bartlett (Includes foods for USDA's Food Distribution Program)"
"Restaurant, Chinese, sweet and sour pork",,,OTHER,260.0,8.88,25.5,13.6,,USDA_FDC_FOUNDATION,36622,2026-04-30,True,,restaurant chinese sweet and sour pork,1,,USDA_FDC_FOUNDATION,334462,"Restaurant, Chinese, sweet and sour pork"
"Restaurant, Chinese, sweet and sour pork",,,OTHER,270.0,8.91,23.34,15.66,,USDA_FDC_SR_LEGACY,36622,2018-04,True,,restaurant chinese sweet and sour pork,3,,USDA_FDC_FOUNDATION,334462,"Restaurant, Chinese, sweet and sour pork"
"Bread, whole-wheat, commercially prepared",,,OTHER,252.0,12.45,42.71,3.5,,USDA_FDC_SR_LEGACY,18075,2018-04,True,,bread whole wheat commercially prepared,3,,USDA_FDC_FOUNDATION,335240,"Bread, whole-wheat, commercially prepared"
"Restaurant, Latino, pupusas con frijoles (pupusas, bean)",,,OTHER,229.0,5.59,31.49,9.01,,USDA_FDC_SR_LEGACY,36408,2018-04,True,,restaurant latino pupusas con frijoles pupusas bean,3,,USDA_FDC_FOUNDATION,36408,"Restaurant, Latino, pupusas con frijoles (pupusas, bean)"
"Restaurant, Latino, tamale, pork",,,OTHER,174.0,7.35,15.75,9.04,,USDA_FDC_SR_LEGACY,36412,2018-04,True,,restaurant latino tamale pork,3,,USDA_FDC_FOUNDATION,36412,"Restaurant, Latino, tamale, pork"
"Restaurant, Chinese, fried rice, without meat",,,OTHER,174.0,4.05,32.79,2.96,,USDA_FDC_SR_LEGACY,36602,2018-04,True,,restaurant chinese fried rice without meat,3,,USDA_FDC_FOUNDATION,36602,"Restaurant, Chinese, fried rice, without meat"
"Oil, coconut",,,FATS_OILS,892.0,0.0,0.0,99.06,,USDA_FDC_SR_LEGACY,4047,2018-04,True,,oil coconut,3,,USDA_FDC_FOUNDATION,4047,"Oil, coconut"
"Turkey, ground, 93% lean, 7% fat, raw",,,POULTRY,150.0,18.73,0.0,8.34,,USDA_FDC_SR_LEGACY,5665,2018-04,True,,turkey ground 93 lean 7 fat raw,3,,USDA_FDC_FOUNDATION,5665,"Turkey, ground, 93% lean/ 7% fat, raw"
"Chicken, broiler or fryers, breast, skinless, boneless, meat only, cooked, braised",,,POULTRY,157.0,32.06,0.0,3.24,,USDA_FDC_SR_LEGACY,5746,2018-04,True,,chicken broiler or fryers breast skinless boneless meat only cooked braised,3,,USDA_FDC_FOUNDATION,5746,"Chicken, broiler or fryers, breast, skinless, boneless, meat only, cooked, braised"
"Frankfurter, beef, unheated",,,MEAT,315.0,11.69,2.97,28.1,,USDA_FDC_SR_LEGACY,7022,2018-04,True,,frankfurter beef unheated,3,,USDA_FDC_FOUNDATION,7022,"Frankfurter, beef, unheated"
"Ham, sliced, pre-packaged, deli meat (96%fat free, water added)",,,MEAT,107.0,16.85,0.7,4.04,,USDA_FDC_SR_LEGACY,7028,2018-04,True,,ham sliced pre packaged deli meat 96 fat free water added,3,,USDA_FDC_FOUNDATION,7028,"Ham, sliced, pre-packaged, deli meat (96%fat free, water added)"
"Bananas, ripe and slightly ripe, raw",,,FRUIT,88.0,0.74,23.0,0.29,,USDA_FDC_FOUNDATION,9040,2026-04-30,True,,bananas ripe and slightly ripe raw,1,,USDA_FDC_FOUNDATION,790991,"Bananas, ripe and slightly ripe, raw"
"Grapefruit juice, white, canned or bottled, unsweetened",,,FRUIT,37.0,0.55,7.54,0.66,,USDA_FDC_SR_LEGACY,9123,2018-04,True,,grapefruit juice white canned or bottled unsweetened,3,,USDA_FDC_FOUNDATION,9123,"Grapefruit juice, white, canned or bottled, unsweetened"
"Kiwifruit, green, raw",,,FRUIT,61.0,1.14,14.66,0.52,,USDA_FDC_SR_LEGACY,9148,2018-04,True,,kiwifruit green raw,3,,USDA_FDC_FOUNDATION,9148,"Kiwifruit, green, raw"
"Melons, honeydew, raw",,,FRUIT,36.0,0.54,9.09,0.14,,USDA_FDC_SR_LEGACY,9184,2018-04,True,,melons honeydew raw,3,,USDA_FDC_FOUNDATION,9184,"Melons, honeydew, raw"
"Nectarines, raw",,,FRUIT,44.0,1.06,10.55,0.32,,USDA_FDC_SR_LEGACY,9191,2018-04,True,,nectarines raw,3,,USDA_FDC_FOUNDATION,9191,"Nectarines, raw"
"Peaches, yellow, raw",,,FRUIT,39.0,0.91,9.54,0.25,,USDA_FDC_SR_LEGACY,9236,2018-04,True,,peaches yellow raw,3,,USDA_FDC_FOUNDATION,9236,"Peaches, yellow, raw"
"Pancakes, whole wheat, dry mix, incomplete",,,OTHER,350.0,10.53,74.11,1.32,,USDA_FDC_SR_LEGACY,28324,2018-04,True,,pancakes whole wheat dry mix incomplete,3,,USDA_FDC_SR_LEGACY,18299,"Pancakes, whole-wheat, dry mix, incomplete"
